<?xml version="1.0" encoding="UTF-8"?>
<project-private xmlns="http://www.netbeans.org/ns/project-private/1">
    <editor-bookmarks xmlns="http://www.netbeans.org/ns/editor-bookmarks/2" lastBookmarkId="1">
        <file>
            <url>src/bankingmanagementsystem/ManagerHomePage.java</url>
            <bookmark id="1">
                <name/>
                <line>2519</line>
                <key/>
            </bookmark>
        </file>
    </editor-bookmarks>
    <open-files xmlns="http://www.netbeans.org/ns/projectui-open-files/2">
        <group>
            <file>file:/C:/Users/DELL/Documents/NetBeansProjects/BankingManagementSystem/src/bankingmanagementsystem/login.java</file>
            <file>file:/C:/Users/DELL/Documents/NetBeansProjects/BankingManagementSystem/src/bankingmanagementsystem/StaffHomePage.java</file>
            <file>file:/C:/Users/DELL/Documents/NetBeansProjects/BankingManagementSystem/src/bankingmanagementsystem/UserHomePage.java</file>
            <file>file:/C:/Users/DELL/Documents/NetBeansProjects/BankingManagementSystem/src/bankingmanagementsystem/welcome.java</file>
            <file>file:/C:/Users/DELL/Documents/NetBeansProjects/BankingManagementSystem/src/bankingmanagementsystem/ManagerHomePage.java</file>
            <file>file:/C:/Users/DELL/Documents/NetBeansProjects/BankingManagementSystem/src/bankingmanagementsystem/ForgotPassword.java</file>
        </group>
    </open-files>
</project-private>
